ID,PRICE
0,21902.986842596893
1,23520.19405348838
2,32680.338889443454
3,8772.267082362943
4,43877.61321562622
5,26268.106446469537
6,33484.76928681805
7,86334.08686676066
8,12496.78729648555
9,113732.99231967004
10,65445.4119607153
11,9367.88892640063
12,71590.87336058772
13,16308.116866497445
14,63403.98614856794
15,46899.1586924155
16,8465.074777833363
17,20672.289061978354
18,26687.638074935632
19,28570.77428613452
20,13520.780550852975
21,79032.4197654329
22,32112.424563325392
23,47606.55610162819
24,54302.94463962702
25,82397.26083489302
26,31544.122711078653
27,16600.01602961781
28,14087.908056456028
29,41534.53394261843
30,30150.61715306546
31,37581.76439818935
32,30243.90822279318
33,25753.555377889916
34,17157.1963841348
35,15605.575242242554
36,32883.33812420113
37,16761.107405705592
38,23382.987793237484
39,51821.606732623295
40,165812.04149391723
41,61036.416659564755
42,56640.85700229342
43,44200.32158248622
44,21978.85569491275
45,12644.018391849433
46,46353.18824587662
47,15827.39116112154
48,45591.31103329974
49,28806.324332914242
50,26218.56499963952
51,17225.03761291143
52,32519.49774152383
53,30647.70404423637
54,15232.925336206317
55,26189.85819823796
56,52094.50754641553
57,16793.754162210436
58,14990.175080578783
59,28955.795850468956
60,24644.933647054233
61,63020.13724765336
62,26599.174551213073
63,27867.050567453876
64,47320.008714106065
65,75522.08154490216
66,28629.070123205816
67,40293.06742706365
68,25396.10396464965
69,39207.54396808655
70,52926.98715698361
71,12247.4775946169
72,28501.542454423747
73,25024.823873933692
74,38633.51136110758
75,16806.565641013454
76,13957.991459955756
77,11702.88341809758
78,54240.43050323524
79,30830.545235618392
80,15753.076703136918
81,26815.236349087405
82,40298.46255840799
83,55968.40155310097
84,37204.87572712344
85,27801.938058441843
86,56530.121698651434
87,67039.88503035894
88,58624.26452817585
89,15390.98841675378
90,46826.81059441399
91,45675.8400610769
92,6354.36570969106
93,44935.41031562306
94,17293.672901749793
95,73355.28830670704
96,22166.520819585516
97,21822.919261392475
98,7624.741482772782
99,80110.99077357713
100,10001.975284665808
101,23988.892794197727
102,58532.71823945658
103,9366.89536664346
104,59955.695806041906
105,23130.01131057679
106,26229.760646829378
107,51536.78969625493
108,38211.907523862465
109,34944.77608284685
110,60623.35003961664
111,46454.984584232676
112,65262.16545807782
113,15625.182701664782
114,37946.94474208977
115,12696.845804966428
116,14919.38217219531
117,40075.70013133635
118,23662.922627000815
119,37634.020066650126
120,27065.496392275112
121,44706.17141289194
122,15818.433082270245
123,30502.793014968556
124,17723.209933797578
125,6087.851579671068
126,16291.993332571747
127,38018.74454726376
128,7593.225369099795
129,-2748.430343256904
130,70741.04817497256
131,18951.436234897785
132,23998.86561226234
133,12588.69012441534
134,71238.67790907486
135,48834.87149006979
136,31865.110679951147
137,14031.521413425353
138,58348.546484266815
139,24129.998538330754
140,35615.10447996498
141,56628.29158992113
142,26553.27532200964
143,29329.585644158396
144,42377.20944945789
145,8224.91178343496
146,37992.96629272941
147,58925.73310839156
148,32669.440722148094
149,28965.102472598894
150,65676.76427283918
151,18785.600348130196
152,9103.172600064841
153,33041.923022202034
154,25808.417418765475
155,21412.276070278887
156,19415.144332423726
157,21400.721883593276
158,12032.11124441349
159,37645.2141311965
160,46094.1411947125
161,41949.44293822796
162,15186.982604859999
163,31755.60788912942
164,43310.38521609051
165,23237.794655649705
166,33231.729860520645
167,9775.306820149135
168,32978.02365253913
169,13044.726069793089
170,30233.30937797217
171,134940.55460702782
172,9225.402724159583
173,12072.204828088734
174,23966.900022751095
175,12775.451546794851
176,27187.970604431615
177,25262.232452288357
178,91891.87634826374
179,37332.687469881384
180,8283.274092727204
181,38131.721867872904
182,27198.817650986097
183,24998.634271738014
184,36358.33492927543
185,34430.73217392907
186,24521.861029667572
187,34363.143314113346
188,48985.77406807128
189,43054.830742041784
190,16839.304517304572
191,19274.072426326748
192,16610.479764734664
193,18018.76097992123
194,35101.296201404555
195,34793.01502587921
196,22492.60177722335
197,34537.604796232925
198,44983.92212906357
199,65643.94326828778
200,29363.502327233462
201,47319.31098890936
202,23191.784528089196
203,27776.959430923765
204,38600.928909755705
205,42295.456609990935
206,30812.03960561723
207,154967.95558948885
208,22524.073923970962
209,61704.823673399354
210,79543.05799917383
211,26285.77935428501
212,71141.23222595523
213,68152.74873294846
214,28375.826260121925
215,26951.067982243916
216,12372.227331625654
217,37349.56813714957
218,19240.699024869613
219,55372.27089369802
220,19513.451716075804
221,29665.898391437546
222,36622.81437782565
223,6270.046248475515
224,35573.934628620766
225,25446.298459654306
226,63623.75062299283
227,30491.629737132364
228,21972.16202852181
229,17966.365404919365
230,40305.545067089544
231,126209.62571085592
232,17394.46963313239
233,18195.703332152145
234,11982.187142918367
235,64410.801546774994
236,22016.587124923735
237,56596.533708596115
238,11840.066676000544
239,331929.73340619676
240,11423.082242422077
241,22741.18887842344
242,24190.80095107186
243,79702.43646442353
244,38628.09656951008
245,49888.40430658604
246,43145.673572504405
247,30404.46855280149
248,43330.11391965732
249,28056.738146737298
250,13141.47317562401
251,33781.28585852233
252,68548.19556177375
253,21574.13283047145
254,33276.73369726985
255,30169.391929359157
256,29794.125825342682
257,15601.169544376671
258,16365.973627760357
259,101627.05279954852
260,21290.601736854736
261,24382.57548324567
262,8623.455886370648
263,26470.974829288407
264,15087.145282816202
265,26902.372129002215
266,31264.105369485682
267,18320.76097037298
268,15697.657101152992
269,33466.720985934844
270,25518.115742951253
271,44498.650066518756
272,70530.90046623872
273,38827.91548555438
274,48286.85519349378
275,47334.52548007747
276,47493.219977552835
277,25625.939802738652
278,21829.649762551977
279,15057.258316972251
280,43480.96435558332
281,47726.3282447115
282,11144.214609217595
283,32925.83158008433
284,23372.53179087675
285,10218.8376577527
286,27576.5476496687
287,32759.84300006845
288,14662.679636984758
289,41101.548346034244
290,35934.35425954075
291,30629.674522438887
292,14779.869519453732
293,17424.970482969286
294,17267.129275487907
295,42866.83022662044
296,27459.60959916768
297,31777.10642009343
298,12645.005799753499
299,76309.01406282435
300,30357.052179276478
301,12089.567928360493
302,49694.014925619245
303,62185.47289976329
304,43249.65212423072
305,36801.605102057234
306,31376.52443182831
307,125752.05351105779
308,56696.38532809534
309,18367.630636270325
310,29283.069816362833
311,20108.272910383417
312,12955.553044958346
313,48312.38796333749
314,112783.60896695813
315,49223.1579200182
316,66684.36132491352
317,18232.463802460705
318,28168.41084513245
319,42122.063377954844
320,26122.262021366823
321,27754.48143634048
322,24269.64230534697
323,24703.237139567766
324,13966.266524012512
325,32598.92763927071
326,25009.387265927362
327,48886.96605652115
328,16596.317931320737
329,15585.88312231897
330,31093.314878059187
331,73312.4220806345
332,40005.64555344108
333,50047.3342974466
334,8923.930320610589
335,18496.374211731414
336,20853.31677402054
337,43524.466386770146
338,41469.52421296715
339,66004.16602434214
340,26148.378146189392
341,16281.66558247123
342,14184.27350771068
343,28483.037341781604
344,18518.305267867276
345,30249.07651866745
346,37402.94030171279
347,12708.461595091294
348,27554.434800743486
349,96945.02191504018
350,81895.89295558595
351,13583.592101278979
352,61965.542495182955
353,61015.02029659618
354,20400.551353325776
355,6213.225370628926
356,33093.46508368864
357,55094.052952999526
358,57440.57269669524
359,66040.29387216477
360,46408.33685024898
361,33893.48594821902
362,23754.918206234124
363,40792.846654776025
364,10678.90445124274
365,27662.470550451013
366,37608.19019298952
367,39220.32999640791
368,45256.82021013723
369,29247.13844964075
370,7307.763164874696
371,21320.216806564003
372,27999.94111112754
373,65177.103065347335
374,111557.16252090283
375,19713.05896881955
376,35832.49544055462
377,35651.16343499709
378,23958.944768697038
379,117849.00344393008
380,14049.816083476619
381,30193.276402704018
382,18632.460299901868
383,16536.662757372585
384,38093.926014535646
385,43228.49709198034
386,32631.572099060475
387,28265.209139598246
388,62590.05755871361
389,44837.484034761495
390,21195.58820480644
391,14378.321562624995
392,28774.792251614184
393,38485.649147720724
394,18113.90739922689
395,15288.489473451269
396,43125.680711499415
397,42256.37250990033
398,30123.341609487226
399,21332.122045281158
400,68837.50230545412
401,94679.6791538429
402,11909.148238674115
403,48611.601695597965
404,48957.28530054225
405,21845.832388072544
406,23365.6884593691
407,50672.73483862207
408,38788.8564331585
409,50331.13924276356
410,25693.025167404612
411,23596.19028627843
412,18527.93297212859
413,30482.78708746168
414,25648.219529388414
415,29924.315957166807
416,9943.593074797533
417,53195.5370736301
418,49525.48410235234
419,57717.808802742424
420,20430.093631340485
421,41265.44110046438
422,10690.852948578797
423,32370.9732393435
424,51833.832321748894
425,51329.10001065274
426,20463.300933382372
427,44865.6570636215
428,16037.350169497187
429,41065.55664281742
430,17281.210059986744
431,18202.85951459409
432,24215.232042664335
433,20303.89512938622
434,23232.41045986815
435,27184.91759157056
436,45550.96205496623
437,30034.70858519998
438,29660.521835509473
439,32778.07901369036
440,14194.848596855074
441,37695.397680943395
442,32445.72171839263
443,30052.138116685008
444,18270.641187665955
445,19152.42192616829
446,23371.641800784062
447,32894.694633417836
448,41600.10771390275
449,4504.592781862861
450,25143.105027399066
451,21268.667956874033
452,54794.817156631616
453,33105.687988583704
454,111958.12484616601
455,13267.87358836698
456,81161.3414678414
457,18352.892837756008
458,28294.06047805891
459,9414.530631248419
460,22655.42498159568
461,17985.410523354498
462,7558.501110676611
463,28423.07738691487
464,30103.814317334873
465,40144.46296645073
466,18388.585812722984
467,45926.25203227011
468,28077.953553297488
469,39640.22126424628
470,21344.59364457747
471,11840.249730832318
472,16918.41940039828
473,64464.241382545224
474,19028.849498981024
475,54066.7582014095
476,12357.25353851033
477,28137.36985669355
478,49927.22205459628
479,35885.531207961954
480,40932.7046923669
481,173275.32081805312
482,57486.412117264656
483,63498.19684388793
484,31498.01696478746
485,102941.72937802675
486,34812.43581308911
487,47437.286270125325
488,19675.100174536325
489,85153.88448936406
490,25134.976388366613
491,146147.9545317838
492,173764.13978351775
493,26621.113748070195
494,54175.66266085554
495,16877.178760899198
496,13289.206158631428
497,23523.563101112355
498,25088.681216582063
499,23199.9622028661
500,28463.296340275483
501,44465.573437302686
502,26921.404324745057
503,22098.7674801994
504,22015.53823347928
505,57685.923154468794
506,40981.477776076856
507,28748.178079031048
508,9992.162388544963
509,24225.454125280135
510,37609.72773115198
511,12271.166426070988
512,50262.623744356904
513,56217.93144721081
514,22187.4850465711
515,48571.96141494212
516,12408.855843329307
517,30874.305857828243
518,43316.790690631475
519,81251.80352126979
520,7205.065870329282
521,70833.88768388203
522,27115.594585834682
523,22408.489378531176
524,19708.070197358775
525,10622.863755610117
526,17375.07369662662
527,29099.83044037522
528,23112.792760450444
529,55139.915128520566
530,25678.069840335032
531,40748.57690594961
532,61102.12269502999
533,79496.13666322484
534,50403.67074360435
535,32180.58481695511
536,74856.45451741558
537,45797.312221493296
538,19622.795521067867
539,10580.832550636069
540,40479.26593219719
541,30473.03866943042
542,22559.420269140788
543,40268.956212088866
544,16434.455995651217
545,44436.85193831331
546,50114.35087427676
547,55274.24301244673
548,41903.469659304596
549,10073.49228618738
550,29786.295084139485
551,10323.837389051654
552,33378.46685129236
553,39112.16613033483
554,148004.33055822412
555,43088.77001694023
556,12472.25347162721
557,9900.305952813978
558,10373.780230641993
559,28029.833412568274
560,13853.41961809829
561,34934.3814469026
562,15956.10933142352
563,14870.864873019913
564,86860.6014636919
565,38461.81587359324
566,20431.750898132752
567,30856.903763014343
568,125421.95008656397
569,29607.579692343068
570,22079.823168948467
571,147308.657577511
572,12801.472028791783
573,28813.788003262758
574,39662.7397276965
575,27394.504139263754
576,149794.9141924992
577,23748.36947630148
578,30433.06676450836
579,12942.176819869343
580,30792.03553590929
581,61773.41368703565
582,36328.22793678932
583,21249.408888070986
584,19305.268479716353
585,11135.02961264427
586,27444.0175478641
587,31639.82529738696
588,12912.960013340662
589,15732.417740537418
590,20501.85840197118
591,22811.40914217795
592,22341.325771133234
593,70874.17965843975
594,72391.7903865308
595,102321.86317884989
596,38912.284591899384
597,33146.985917092665
598,37975.843075960904
599,24778.051197072633
600,27672.85265169532
601,10142.617998707121
602,42506.69569935958
603,28627.456908171916
604,22470.744092269604
605,18124.407816858664
606,24348.0407566023
607,50289.185762808935
608,10891.018831372126
609,33266.50634847327
610,73180.41415812867
611,22331.10578802809
612,25415.40523943089
613,47545.96833849898
614,65439.1868151214
615,43007.25909665568
616,24467.81676580929
617,49938.855199136146
618,23908.30159513727
619,23422.121130696723
620,15278.56127847381
621,13167.803462507536
622,291374.796033345
623,42210.80759723727
624,32874.362680341335
625,26834.25869413843
626,11701.890282185992
627,24378.68873592765
628,84380.70731661063
629,42782.98802254137
630,101302.06626662161
631,90447.7350562098
632,35138.30764904504
633,77356.59603998972
634,47016.00413344489
635,50907.30322035117
636,167900.28559730845
637,56018.353373740785
638,39060.431973125924
639,21484.46271819985
640,34665.077451295096
641,40771.295372049084
642,37624.45504846318
643,36070.608955468255
644,13508.854436793074
645,30418.05010311081
646,26518.2528552951
647,52303.82455428099
648,28849.20242309981
649,16225.429901319
650,10762.555428036534
651,39796.06636034998
652,13793.023438184238
653,14057.638230919156
654,133012.14408872725
655,18319.90328895219
656,46778.401575319134
657,36309.822022839326
658,19668.718670249324
659,38909.54781758912
660,32096.98256776878
661,15162.092142624915
662,18617.758093197688
663,6184.102459853162
664,28238.96390090781
665,21516.963179272556
666,38955.396812999825
667,30167.422983272107
668,31283.438676962498
669,80229.12964293227
670,35959.380631645436
671,16839.15074241959
672,17449.235911635475
673,44160.99341580349
674,50380.44040902911
675,62587.285568522544
676,32309.055883805297
677,25258.308113180763
678,13771.955170117179
679,45795.98608484182
680,18824.629941115832
681,73719.28077307835
682,11236.455066250071
683,23274.322452640896
684,27373.433252725757
685,64574.147618069954
686,32478.613831315502
687,10810.22284655756
688,27494.7611241221
689,10217.944283244356
690,26546.3483560193
691,16468.752170289878
692,89241.81360018573
693,25106.74230550739
694,36595.38410044232
695,31680.651222323784
696,84267.43993944475
697,39480.18328287668
698,37689.011484930765
699,28502.719933441156
700,21651.99604166581
701,40203.684298052845
702,33309.49023708741
703,25032.743989559425
704,28855.00419586294
705,27011.74304144266
706,17902.041804265933
707,13904.607081947952
708,43273.027594440005
709,18091.74864857236
710,30123.582233480643
711,61788.275786987804
712,35682.665801751944
713,92274.96104271758
714,40211.729229379154
715,23579.669433884785
716,21351.54901641309
717,30250.24144302155
718,50916.59469345532
719,47581.85895788054
720,19672.726701479754
721,39554.74209490146
722,35249.35629632518
723,84429.73844473825
724,63479.99655202925
725,66787.40694713536
726,14328.609351295532
727,17232.98077859105
728,35630.62882870572
729,15980.025833211761
730,14976.544146928281
731,28907.346418491437
732,16138.008834850461
733,121288.43068327455
734,68411.70013048101
735,14699.12818091017
736,47738.23245722734
737,43166.95957565026
738,36229.11530386121
739,11649.325259756843
740,8762.383812760603
741,25004.514227556654
742,32516.374780551927
743,30908.495424813267
744,27609.71871887721
745,36735.48042335361
746,12159.669415435195
747,132759.87022016436
748,31550.71469677841
749,26390.262767596563
750,43934.08396103196
751,29577.385954730304
752,26742.258967136662
753,78751.72564945692
754,18934.864383463348
755,37684.155939271994
756,35630.831310781025
757,11540.978555592974
758,34956.01096015532
759,21523.09377016966
760,50578.45917674566
761,14259.490465550638
762,8158.46929433599
763,82583.87354874417
764,52343.199681841455
765,26248.009676522903
766,91820.77333051733
767,18495.10146396941
768,61136.29457922055
769,37111.98612326105
770,28724.09451390963
771,29579.223032570775
772,58604.122107550094
773,50072.74977874739
774,68973.92705301881
775,31771.90849798621
776,29754.766563459652
777,17369.787246961365
778,36818.48759366132
779,42253.40446251395
780,28634.31926525477
781,14171.912378745434
782,67250.83913810835
783,48698.371696946546
784,25870.399082414027
785,46183.07372281362
786,23660.394662233222
787,68138.74227697101
788,26002.31163017483
789,15435.039048450402
790,25186.57208934871
791,16588.191717471844
792,9901.29986857151
793,23504.33613858276
794,31222.5697829462
795,33491.01629879597
796,35522.68401730683
797,56901.13308470462
798,18705.899275831383
799,13381.47397806583
800,13169.841449893785
801,44418.4858673695
802,66644.40684031998
803,8832.34550689623
804,35760.864607781776
805,31079.081514126865
806,8561.02554030389
807,25359.950896151197
808,27500.11690678827
809,15701.495826827395
810,36139.13839106903
811,20033.810586169777
812,36591.16263885858
813,22857.30448808028
814,33246.77206143822
815,26270.869061406793
816,25921.99912509947
817,27051.161563570568
818,33755.10957109001
819,118627.01378908311
820,40753.189519729596
821,45446.73724260016
822,63104.58035680457
823,28880.156143253844
824,34784.19432639285
825,38035.621336135824
826,31266.3640215019
827,38645.627170103005
828,83092.79897973323
829,17528.906613379266
830,33558.054523008985
831,30766.74032405026
832,39537.750341090534
833,30992.651751040263
834,5109.420609522173
835,16397.407889338
836,14043.41771610097
837,17139.488715665993
838,11993.63780892466
839,48972.98266686357
840,26962.024464555987
841,38633.51161995004
842,29854.178849897235
843,31030.953743429283
844,13429.624479577282
845,24038.436624781796
846,43774.37837895047
847,22942.490673553864
848,71197.07836488228
849,15880.995628450288
850,36072.417417339355
851,16432.251622862124
852,63965.48860531678
853,45428.68185863908
854,15732.772689530417
855,39237.939961751676
856,25517.04509469145
857,110137.65165598542
858,42743.915488775005
859,32781.36377068715
860,44493.821825827756
861,24141.11550964501
862,26731.104000731713
863,34113.70469649354
864,38649.096491458025
865,45727.57894266858
866,41030.78523879685
867,19185.708090212567
868,44475.78263318313
869,23794.469285423198
870,11634.11586287807
871,51627.6935275557
872,16509.294001603168
873,38453.348668369625
874,29136.157380566165
875,27005.954122646577
876,42974.33865415702
877,131039.85203673756
878,18596.485300669246
879,15065.761600615308
880,26317.078299840876
881,31294.857104022132
882,102427.35719526662
883,36261.87637534127
884,30122.373683827373
885,16182.194891513724
886,28231.375200741266
887,14379.643832183474
888,393675.4915045571
889,21362.473093806253
890,37153.7679934871
891,12404.509777283616
892,41899.64827053055
893,80164.0282135212
894,41297.7287101476
895,49479.20161239352
896,20424.871511160414
897,47693.462281822234
898,26506.402291288818
899,24148.424009117927
900,27571.56995868547
901,47278.259087814586
902,70650.26316657032
903,63872.49881663845
904,13312.849377059425
905,14221.174580622994
906,26591.874226877364
907,53274.624959294815
908,20462.350454885112
909,26937.54405802124
910,39913.689505554496
911,46249.34868853095
912,55869.960925745385
913,13449.390175169461
914,29357.34334885989
915,23977.460476991633
916,30228.979586289464
917,22137.133626994273
918,21613.417206468097
919,42625.79057473262
920,100222.66717600067
921,21994.22002141526
922,29043.267068535966
923,29141.043222947967
924,13299.73701419128
925,39643.796678663755
926,27781.496670427976
927,38794.445959334385
928,64932.57400325114
929,24561.28471277353
930,23242.70507191405
931,30220.7408643456
932,62862.47334861975
933,26455.9545406585
934,23892.925642734896
935,37746.92459461127
936,33296.28742946086
937,7655.851372816998
938,20570.36707603586
939,37056.03657210779
940,41410.148805968995
941,27949.140754520555
942,10260.283557389355
943,35530.66877935072
944,21693.657465402237
945,13404.155740765354
946,25537.169739204393
947,48101.17354707588
948,23842.72673377068
949,27366.550307634145
950,92918.58226357462
951,7450.5173898314315
952,33434.946618183276
953,47736.916161897
954,27427.914706979464
955,86685.06286884325
956,38892.6639554843
957,14347.240593150078
958,11432.099518665342
959,52094.50754641553
960,62945.14547450831
961,40411.43983720603
962,53552.84510101658
963,81789.20249675399
964,15061.455389733766
965,23750.009211514887
966,16785.879768043113
967,44196.31369016582
968,45475.5092734442
969,20841.049417084916
970,31066.956320149387
971,27361.844018924614
972,30613.070224383922
973,129663.82028248
974,36721.871166126875
975,17776.41875925064
976,16797.792676977846
977,14446.147389270134
978,20398.69933781633
979,20840.04273528235
980,53971.46292458749
981,34149.56613594345
982,18276.00897372465
983,60641.735153222
984,15501.904500260913
985,13634.432063043236
986,17730.37205284716
987,66500.51892646254
988,12856.859105298261
989,55967.31004909655
990,9284.737289247301
991,20783.367375768114
992,13748.62137852494
993,17540.52069242351
994,13242.061531799254
995,40582.96364941721
996,34734.24615032336
997,65461.95688973864
998,184359.80672777336
999,77370.72699388285
1000,28263.49622742513
1001,42818.71373465685
1002,12015.753892709812
1003,103172.01985574112
1004,59707.607022923665
1005,38063.23991399573
1006,221498.33802412832
1007,22363.340396902822
1008,23790.485677643755
1009,29657.79368976758
1010,7351.18191380208
1011,33443.92349635456
1012,49686.309915529484
1013,22368.53474251278
1014,24551.549356308664
1015,44079.96588453586
1016,10361.109465589638
1017,50636.14883828652
1018,17455.083017327226
1019,28305.18911074972
1020,30068.69051619142
1021,35577.66053774414
1022,14522.067627933788
1023,41149.35728448426
1024,24469.968076175726
1025,65798.94574739053
1026,29451.05539342453
1027,23629.674660889123
1028,40399.46278552815
1029,30513.213445041725
1030,45995.7463660892
1031,14444.283138824048
1032,59794.14701612952
1033,29122.40142652899
1034,56511.2676852236
1035,105472.37626661632
1036,27039.566292072188
1037,63084.42503122758
1038,53790.54262530522
1039,64229.58684417704
1040,22543.96839616285
1041,13847.933501907062
1042,21017.438408356134
1043,36121.0565225836
1044,12991.13988659202
1045,36771.403773476646
1046,20482.74473139567
1047,41122.33532393241
1048,36245.443252815334
1049,23525.69023078262
1050,10808.69785599526
1051,44142.80679136444
1052,9516.12063664148
1053,40950.18371558562
1054,26100.805474146735
1055,86980.53777243361
1056,38364.07950402399
1057,39081.264718399034
1058,45672.525477455594
1059,87176.24123444698
1060,81263.73066255888
1061,32689.845923253284
1062,39423.63727684423
1063,28669.85055161487
1064,26915.497359176956
1065,32040.768182895128
1066,35819.59114537881
1067,29755.61715368946
1068,62004.20974431821
1069,12842.917381817706
1070,10202.535957094713
1071,32248.777956463186
1072,28322.667310095698
1073,40834.857677933775
1074,10333.890894017672
1075,11151.679386861902
1076,34639.55398733859
1077,12056.737665417677
1078,116896.4798643811
1079,17896.51890742437
1080,23604.575156162664
1081,36803.40909612659
1082,20646.391537531683
1083,51693.09898371897
1084,38808.511625139006
1085,169594.59300977323
1086,58367.02200242032
1087,49038.77251108087
1088,117877.713109868
1089,45301.183238824284
1090,145803.33082351708
1091,44409.406023253316
1092,57239.84921141733
1093,16674.98333434685
1094,32101.571570762037
1095,147825.38625131242
1096,59382.538372617455
1097,10612.31857176062
1098,31889.487889399705
1099,72081.76252289984
1100,24584.925290012103
1101,40661.842423201204
1102,36060.667562167044
1103,35605.297193876955
1104,10420.09874153194
1105,56074.24375628149
1106,33314.62514782254
1107,33602.20838637287
1108,14234.254113290228
1109,12077.308097532688
1110,20921.071898966908
1111,21223.839904411736
1112,15744.616357182387
1113,9531.281446310188
1114,51036.17904181648
1115,17102.49201263612
1116,23592.382066819813
1117,33151.628119769186
1118,17937.683900934597
1119,9487.452108993053
1120,119664.22682149505
1121,26614.197050262635
1122,17265.870971832333
1123,25368.41583726703
1124,37715.36394710957
1125,25005.02295411729
1126,33882.76532924444
1127,29462.631399180096
1128,35388.20592949987
1129,26355.035271627472
1130,19311.392944945386
1131,51883.28592316402
1132,29092.143649316484
1133,18579.021253493822
1134,7042.06678406182
1135,19636.57329065626
1136,29428.223190744135
1137,43411.717242125495
1138,26465.685180305423
1139,225800.65826128525
1140,26380.730465759112
1141,29073.95534964319
1142,125522.34322845176
1143,48622.436063580164
1144,21742.37646661862
1145,43347.33349299003
1146,9778.99585572432
1147,33942.70420267324
1148,51301.0529429022
1149,34328.81416968539
1150,14758.5686271375
1151,28213.14522364476
1152,17452.163193307675
1153,30279.74815347623
1154,53335.77298765166
1155,87555.45684614129
1156,19840.80756503343
1157,10328.401820022002
1158,68078.37349552097
1159,41381.74840563874
1160,50306.20535983033
1161,13125.449585636861
1162,57747.64131792135
1163,38931.69503672584
1164,20901.873436789047
1165,25046.670479537264
1166,59232.45856133533
1167,21212.023462510377
1168,48940.271081007995
1169,27398.848300229893
1170,24263.415378222984
1171,8196.670061893468
1172,47226.806610336105
1173,26464.56876649251
1174,18566.61080316233
1175,26497.81953849064
1176,26095.054970064462
1177,28176.995504733
1178,27752.40354315906
1179,239954.16808622787
1180,32173.71018751325
1181,21850.50217926519
1182,12973.849351809697
1183,30174.331396069614
1184,32393.70938719761
1185,44843.27411267727
1186,20763.20825982768
1187,22678.16854379707
1188,27857.311134101215
1189,18697.26296578375
1190,23549.784602896456
1191,38549.54521994592
1192,11514.016210841799
1193,43367.39556573744
1194,27499.69463220164
1195,15007.56769270282
1196,11059.701672663534
1197,40665.88082921065
1198,43796.05821087941
1199,84885.66389184122
1200,35073.71139724523
1201,44421.051394702445
1202,30234.128709711484
1203,24045.5632195902
1204,12445.884121827532
1205,19241.55272210827
1206,24290.452677505695
1207,39070.81918742487
1208,36487.248926504355
1209,32772.46233305347
1210,34011.54081503159
1211,36242.81067806434
1212,33043.95735324836
1213,44748.85712026538
1214,24908.40821738794
1215,27472.514576480575
1216,15405.860573444454
1217,38615.95569693756
1218,117728.52976717029
1219,18986.801805134062
1220,17494.17289873432
1221,16657.530278635906
1222,33393.52963416525
1223,100955.05582485611
1224,27982.600698387854
1225,26314.356417046118
1226,37078.252766409816
1227,37434.085541224864
1228,24634.329338008767
1229,68693.79472795989
1230,36137.32686497955
1231,93017.29851963447
1232,56494.78159890813
1233,64039.09280096502
1234,51403.1540958606
1235,31178.413714553113
1236,26418.210365165076
1237,17475.498205440777
1238,30738.81785579049
1239,38108.463482337196
1240,44571.89741589079
1241,16250.607383737337
1242,43477.573578245625
1243,51248.84375906393
1244,31007.544881984206
1245,9502.306155079194
1246,12421.373541840596
1247,24395.697385941712
1248,-27010.193642535603
1249,24641.53262908718
1250,44223.65973985502
1251,7478.206217483705
1252,12295.26079266941
1253,10814.573669351215
1254,12736.321879168927
1255,30721.67719273182
1256,15767.525974213662
1257,51319.331969010054
1258,44211.332302970615
1259,27790.377707027867
1260,58148.294190325876
1261,24289.59762424141
1262,80544.65279826043
1263,25976.288610185617
1264,10384.318848562853
1265,24240.311493954636
1266,17883.043123185336
1267,20790.23063234588
1268,15075.74970466632
1269,40760.600792486955
1270,14528.946000804803
1271,10742.553399021486
1272,25410.820391658926
1273,23777.13801288181
1274,25618.374342397965
1275,11980.558872299376
1276,23174.830498959367
1277,30270.834847447935
1278,44385.92664220769
1279,46770.91673780157
1280,10031.516106139496
1281,22125.039422123446
1282,8534.59575374903
1283,7691.56769573089
1284,37656.39065067692
1285,18438.059019230648
1286,30583.453299746172
1287,10398.306238720465
1288,24897.866259144885
1289,16261.015590999303
1290,27834.614290971043
1291,30187.041587596515
1292,10756.604773222954
1293,19761.177351657087
1294,314010.64285028423
1295,30392.110781572195
1296,36767.17693841808
1297,61652.136516711085
1298,46616.94991608837
1299,117728.52976717029
1300,22682.181258345026
1301,65072.577235764926
1302,157018.95819133118
1303,32185.629221824667
1304,60868.7029546088
1305,22563.926943412873
1306,5966.760383855934
1307,39549.24359196595
1308,100852.16192640057
1309,11327.228542655794
1310,19883.4592209435
1311,30046.312578939272
1312,23242.691665396847
1313,29220.25169162633
1314,33798.273327667375
1315,19243.766818356202
1316,23716.97984469988
1317,19975.89903256605
1318,47252.64936051983
1319,20736.581493529702
1320,13665.75116267635
1321,12912.398701462225
1322,51879.05195560648
1323,35051.5903544835
1324,42442.97305824763
1325,8206.783253348407
1326,44041.33889955677
1327,39522.77673554595
1328,51382.69261438445
1329,41733.90160082921
1330,40188.326178347816
1331,40760.92494235395
1332,41709.60157354847
1333,18014.026370059008
1334,63648.51418356858
1335,71360.8016700994
1336,34661.945471995605
1337,22749.62300005355
1338,37130.52239322913
1339,48308.931448476505
1340,29742.14444315319
1341,10728.004636390697
1342,46397.060513175464
1343,23217.34180008643
1344,48603.862488038714
1345,29733.430031790624
1346,32685.198878237745
1347,20679.936740067424
1348,31756.88261940467
1349,32181.464005634203
1350,65160.83276494163
1351,27865.807078363683
1352,15505.405575162991
1353,16331.819404915386
1354,53145.69901165759
1355,29859.260556409678
1356,38544.61713206504
1357,66874.31269407069
1358,9692.747643321312
1359,81178.55235064316
1360,69007.19734432087
1361,29348.23166304228
1362,20819.680716774714
1363,47251.737651901974
1364,12876.709572996402
1365,33289.150482795594
1366,27054.491760907895
1367,10350.150722418502
1368,42335.91106736482
1369,35182.12944061215
1370,22920.72624769677
1371,49946.12192995207
1372,6850.143832063965
1373,16553.651000729966
1374,68655.23246154109
1375,25244.28920379525
1376,21826.28874629354
1377,14731.001781216535
1378,33527.12589475108
1379,48453.18586323755
1380,29259.249323095348
1381,25189.522581762725
1382,22832.871986933595
1383,42121.096232049276
1384,41745.46738227194
1385,14855.564451329876
1386,24900.48965442543
1387,35686.24562406965
1388,24724.54379202731
1389,9147.883102294456
1390,28378.818541064415
1391,8867.052959466822
1392,19700.962025942088
1393,88124.54402456245
1394,29481.754838602803
1395,117729.51870979277
1396,75509.20796631055
1397,10730.716047270917
1398,13405.520791781759
1399,12923.921968562678
1400,48760.9063735896
1401,88961.94135996197
1402,22777.25551937238
1403,38293.41161005748
1404,65670.13410950615
1405,21316.62132641653
1406,12107.956193415237
1407,18501.673220311506
1408,98954.63406578447
1409,27787.66282057952
1410,30413.607520494235
1411,70502.68665224213
1412,51421.429423507674
1413,6387.572147893068
1414,20834.720268209327
1415,32228.8457099589
1416,33556.162196127785
1417,89762.6650742392
1418,16227.044699105538
1419,19632.858039720384
1420,21578.885877118733
1421,37013.76273168621
1422,31724.620249817734
1423,17331.553996187275
1424,9888.184299442655
1425,20393.701269871803
1426,14438.532134468573
1427,22521.36222997551
1428,36107.533248458436
1429,22585.5380871871
1430,31181.93086953494
1431,40458.18966082151
1432,27031.889116664748
1433,12737.033001705617
1434,15467.689036019086
1435,23165.425231287038
1436,23511.764208453482
1437,35058.172067140345
1438,22857.697312293225
1439,38860.77522260697
1440,10678.129453451218
1441,8193.469454814543
1442,19195.248327038513
1443,34936.15819162356
1444,22065.559671988452
1445,41876.32588562272
1446,17948.887807680152
1447,13734.597967964937
1448,22025.517861834753
1449,30961.749101133428
1450,48069.618172758856
1451,15878.92467080051
1452,9453.725126066629
1453,44214.46937233286
1454,22338.34894861424
1455,19327.954960834588
1456,51691.06763666495
1457,31492.10772329154
1458,28624.66307445445
1459,34580.48796151763
1460,23219.383258031674
1461,41888.79581681354
1462,34531.987826850665
1463,25189.2105091719
1464,8554.58291067819
1465,13291.990264202426
1466,65849.3675329485
1467,9439.819224937799
1468,351081.56300629
1469,39449.256059439715
1470,27740.127724743314
1471,40628.762263625766
1472,37866.9657810131
1473,25462.21064688147
1474,16992.184857929813
1475,32161.310556855864
1476,15255.5614023608
1477,13098.674355737165
1478,45034.88062922385
1479,15901.792546103177
1480,30232.112547319914
1481,11975.391464752665
1482,28461.9723168655
1483,43936.70831167346
1484,70182.72705559222
1485,19184.787161098026
1486,25191.854844441656
1487,15486.219081567695
1488,46113.01100290803
1489,42561.52708416705
1490,32985.54975736481
1491,19103.010714715743
1492,52175.53698077334
1493,21431.457199143264
1494,19721.518525832766
1495,25436.755564971998
1496,20849.31951689236
1497,28929.380242374824
1498,170592.42861162487
1499,16288.143285089021
1500,23427.934123925475
1501,68965.92493704072
1502,9198.235457782715
1503,48218.86462143488
1504,42685.78724284499
1505,17390.64656165917
1506,25247.664620534943
1507,21457.864874038525
1508,55547.926278548235
1509,49272.68574265793
1510,14078.707001199366
1511,25718.8836803934
1512,34039.67283493585
1513,22106.423482421742
1514,64209.31463547707
1515,37071.07219160476
1516,41784.57783327331
1517,11037.286729334939
1518,43399.99505148264
1519,26658.25694422581
1520,38110.02575771436
1521,17323.182017876625
1522,49687.47198132593
1523,12395.422812983556
1524,30799.3581898022
1525,12340.444005653122
1526,38017.12583452645
1527,36690.1557750321
1528,31293.039596855837
1529,31044.02455627908
1530,37294.11233105782
1531,40645.74350631044
1532,56734.29386057042
1533,18553.714913782987
1534,296954.01822699094
1535,37062.58832719565
1536,93661.84145988512
1537,25431.415060534844
1538,39444.639864321616
1539,18607.31845842505
1540,49318.096265112494
1541,23953.24545109719
1542,107244.77666350958
1543,22812.69072951354
1544,53059.249816032185
1545,34031.33876383823
1546,21794.13861727314
1547,7518.558427821089
1548,30609.39278074787
1549,34403.352906013104
1550,26498.41822815386
1551,42931.95875652594
1552,48071.95229791188
1553,29204.866167231547
1554,33085.607560090255
1555,45526.63153257399
1556,33054.69351212859
1557,40786.41656793114
1558,30695.87729125344
1559,28124.567270841344
1560,31832.697236596512
1561,24756.52582029154
1562,27677.85525219773
1563,30223.376659934314
1564,13425.218912624898
1565,16931.033851877906
1566,80420.96352371183
1567,9282.650828296972
1568,21298.975440859307
1569,25457.26239501509
1570,11248.040037050536
1571,306066.97258424055
1572,19030.517968668326
1573,36825.71070161137
1574,33938.6047684503
1575,45109.22702332363
1576,61956.59587097175
1577,146605.63286275763
1578,29682.51973709413
1579,31832.96303882589
1580,28829.08675541432
1581,38102.29497596456
1582,24386.756233327666
1583,46866.118950485456
1584,17385.93088445677
1585,15174.288990000421
1586,25015.78734767955
1587,31620.90757636842
1588,42572.11409690696
1589,25837.06771696007
1590,11370.830547357082
1591,21686.955380209136
1592,14696.681053821449
1593,22861.10689642238
1594,64256.07625259692
1595,38234.3994201715
1596,17790.27236084421
1597,32546.340736224032
1598,41509.829319206656
1599,22745.874695746854
1600,14858.728533371834
1601,48004.919844988915
1602,12661.506410487144
1603,12733.556589782092
1604,12345.407271633616
1605,30059.23241039819
1606,26792.68258128702
1607,17363.93945238776
1608,18646.600278770322
1609,34185.16860638316
1610,41999.66778894884
1611,31025.669077915703
1612,55100.07621588377
1613,26690.293683273874
1614,143188.75289682834
1615,15059.475813870446
1616,146117.21031254783
1617,38142.74724798347
1618,20262.03154768156
1619,26088.418043966663
1620,21139.833844991066
1621,10260.853315461134
1622,22743.19422703232
1623,16055.957470535872
1624,15018.41460524066
1625,27995.625983348204
1626,13379.422475237545
1627,7956.846321708534
1628,18047.713994180314
1629,19114.306883164634
1630,11785.6915311947
1631,53484.27982497507
1632,30513.12799468417
1633,24825.06903620345
1634,75257.04463343219
1635,28026.934380292267
1636,91425.57443314331
1637,6958.711541077451
1638,26760.52031839994
1639,225111.4522668164
1640,26716.29934371307
1641,21785.224794949652
1642,22305.988798083134
1643,33723.14490950366
1644,57122.94631743827
1645,20788.149552977902
1646,15475.654266043808
1647,13608.197787646435
1648,13696.422530536287
1649,37703.29960714182
1650,26073.906759070847
1651,84301.35621498537
1652,19722.50057923244
1653,74586.34521931913
1654,35454.78233215431
1655,65580.84534616172
1656,40585.197876178514
1657,14178.224724263337
1658,22572.639248331503
1659,32220.805115214906
1660,84357.09748408182
1661,23378.752400930203
1662,33454.32115083733
1663,15647.746155643214
1664,12204.322963544713
1665,28025.554193140968
1666,43453.553066045046
1667,9395.369548270233
1668,25283.505207818882
1669,19602.612936963524
1670,27487.619861387
1671,36420.98744346617
1672,10969.047651716017
1673,128392.52624693145
1674,60451.72545696729
1675,8733.00795149888
1676,61779.87395284579
1677,15884.220570514799
1678,17605.886630891873
1679,26885.026511288877
1680,14504.457993316217
1681,37511.57177527701
1682,71472.3551649789
1683,6460.878603803151
1684,23676.393838883785
1685,14374.373492377776
1686,162898.8692921319
1687,23837.636761541355
1688,20578.15366781372
1689,183287.15736760802
1690,32896.06822568214
1691,49304.668813504155
1692,44288.89111963303
1693,32191.368102425764
1694,17768.874559326963
1695,97663.5531308754
1696,44096.95240412802
1697,44064.374598931136
1698,31262.850009135025
1699,23423.780877763922
1700,33622.35569541595
1701,15630.216873041707
1702,54446.71204801464
1703,69329.49313088744
1704,46419.47810068623
1705,14164.657028990854
1706,49616.3811922237
1707,17407.368429283622
1708,32475.732839290853
1709,11611.004561945552
1710,37131.188882833485
1711,29590.93850762698
1712,44006.401737617554
1713,33605.96646807537
1714,72985.80220980015
1715,17415.036003563942
1716,25565.121149155395
1717,64322.68875419425
1718,51660.56416172094
1719,30187.30076597358
1720,42153.85180762736
1721,29124.499342636012
1722,25041.003260260673
1723,43623.32558434598
1724,44470.27623039302
1725,17838.504095484484
1726,31327.459536371174
1727,28211.36274393728
1728,22477.636270577164
1729,52341.0922645097
1730,23712.45474912219
1731,33604.9998499825
1732,52823.38533219717
1733,11247.946890467609
1734,7925.227774625254
1735,14068.671662003499
1736,38032.113136627624
1737,22694.69457694667
1738,52283.50859197816
1739,19065.707199302113
1740,27002.96044599413
1741,43076.47526441177
1742,21605.850373029578
1743,15314.549537033561
1744,40846.86870055143
1745,26736.970253066822
1746,8269.97697749527
1747,38296.93392939814
1748,18122.248194875243
1749,27015.337192154093
1750,11568.182188594377
1751,33967.85729284563
1752,27830.6265038551
1753,23199.02599174659
1754,85828.58568752526
1755,27010.46820794484
1756,28185.309002867696
1757,42167.05332554137
1758,30292.93083750628
1759,30512.801950485886
1760,55417.404449479436
1761,48320.30589311875
1762,18216.256124612184
1763,48262.20848332494
1764,21235.67035298067
1765,27894.868981414893
1766,69713.53521793654
1767,55636.72874863693
1768,23350.21467003968
1769,32560.295680042946
1770,29560.926990819517
1771,411466.69371405174
1772,21335.127603007804
1773,31803.23434463489
1774,32051.73815057402
1775,37923.4250325887
1776,13653.920931400113
1777,24967.82759766492
1778,18111.0658731541
1779,22760.657466534005
1780,48533.834707782895
1781,18792.585324214037
1782,21642.469117086144
1783,47112.97784351518
1784,23584.316989974035
1785,27656.54781569048
1786,28860.38638133724
1787,27182.48311608589
1788,31644.779425989233
1789,21401.389168202615
1790,34143.890969264176
1791,22506.42267853964
1792,20832.91984870351
1793,5982.984328195338
1794,19209.81324979839
1795,22386.70118684067
1796,43572.803746760765
1797,8846.774127984196
1798,17918.109457685066
1799,44190.968573114966
1800,66415.77538064095
1801,48059.246639426296
1802,36488.629203150434
1803,21105.393004810885
1804,44574.90040753054
1805,38917.00212338934
1806,28758.732732724657
1807,14937.014771125338
1808,9085.417105852628
1809,67757.36116103681
1810,47421.10096778329
1811,29063.741075281323
1812,23225.141736657068
1813,33438.409331031246
1814,12742.275805687996
1815,39971.24366877678
1816,20653.38769748808
1817,5878.84561739974
1818,21256.802943142186
1819,40753.510728830996
1820,10102.372172879815
1821,34909.85398403906
1822,104847.1540150927
1823,50212.827609868065
1824,25397.866942902776
1825,7866.9332003654135
1826,64480.30016602593
1827,6972.706869428066
1828,37276.80451946626
1829,35697.34579017498
1830,27652.08569081135
1831,47311.38338037966
1832,68201.17369010938
1833,29172.019681259746
1834,28693.703554231175
1835,68259.72006733248
1836,40992.134715487744
1837,38843.09744537069
1838,27047.935098673865
1839,37852.814153249856
1840,19307.839216460983
1841,131229.75580281077
1842,17610.09427402576
1843,51985.90254273461
1844,13101.016843737194
1845,34243.13383332575
1846,52065.93839208904
1847,9001.615980042838
1848,82984.71597963216
1849,31274.15567137524
1850,45233.01618965357
1851,53852.26340279095
1852,41877.46239045358
1853,28657.363533245636
1854,21790.859189955238
1855,34220.06009408788
1856,48903.635850107436
1857,28664.839271635607
1858,13420.09760946783
1859,13907.892646740613
1860,57938.8741343105
1861,26764.108508181434
1862,54520.75705725047
1863,16300.54508517733
1864,82403.24283106602
1865,37346.38762215911
1866,26831.91228881112
1867,45367.95226899573
1868,19623.96116060688
1869,72022.09275819565
1870,33794.542988318746
1871,12189.53850220356
1872,26633.624553839978
1873,30479.902673638382
1874,10122.13114803735
1875,11697.51656111596
1876,8568.290915924998
1877,20381.892956023872
1878,138929.87351436916
1879,21088.433311184534
1880,34330.935733709455
1881,18647.911841201345
1882,35327.87784046193
1883,35520.77674338052
1884,10629.061177485619
1885,83616.80666766595
1886,9529.243158497256
1887,17739.548335697582
1888,33267.23015156287
1889,22310.665852715032
1890,14710.634537034517
1891,58376.11555009071
1892,19892.01543663439
1893,29278.739019024608
1894,33420.486387548
1895,62640.69910687507
1896,30804.04374396206
1897,22949.574498832448
1898,15943.407230589195
1899,41831.29883392243
1900,32855.19545729368
1901,46998.15955262604
1902,47917.62000245693
1903,55870.33059920698
1904,26073.53984047499
1905,11984.761824789703
1906,9170.565157194986
1907,31258.541778764786
1908,34028.43962461347
1909,37841.87620845031
1910,49348.75884198642
1911,12748.34668496835
1912,51211.0275314635
1913,16192.02101520017
1914,11709.830177770229
1915,139235.45752405186
1916,22150.661236373235
1917,22088.288618914106
1918,29887.0687188458
1919,4561.418184753865
1920,8175.988232535053
1921,38926.37054579299
1922,26070.307718832388
1923,49790.11022969411
1924,46017.23826824545
1925,30967.71949669805
1926,13910.2945833414
1927,14694.877056813873
1928,73647.31572037838
1929,80761.13427645656
1930,47103.55701235991
1931,11180.752338670538
1932,23747.627892580076
1933,16223.041370958314
1934,20987.105778483572
1935,15608.780734114598
1936,30924.737768550305
1937,83124.36397426261
1938,93814.13955709654
1939,75530.25807118008
1940,58150.57695690783
1941,79466.71813805359
1942,81345.72499264182
1943,47621.23679332966
1944,40948.215362382456
1945,22974.653829258525
1946,14461.943294706487
1947,20020.48086044954
1948,25896.637969104955
1949,11829.273191554319
1950,30976.571614847733
1951,90134.47944078404
1952,29469.88665874417
1953,18678.791453087157
1954,32241.19479906774
1955,42554.08212304424
1956,10663.866219771953
1957,31467.876851113288
1958,52452.920168661905
1959,26188.8614717512
1960,70393.34131744153
1961,39142.738053009816
1962,56993.49019805695
1963,19668.1786539133
1964,12859.423171147899
1965,14016.439511348744
1966,25977.00311371393
1967,46989.18402987642
1968,63118.47050737014
1969,27337.71031065093
1970,12878.343391177748
1971,23015.225983638917
1972,37636.45276349781
1973,36001.980846398634
1974,6956.743174720029
1975,6683.724469060236
1976,16572.856526572003
1977,55425.0957406765
1978,13536.385952967941
1979,14034.141905264702
1980,26863.04652175253
1981,63036.82185724483
1982,17459.154631058795
1983,17070.539125429066
1984,24204.114774655507
1985,23481.803893927994
1986,30569.06932676592
1987,16223.05120282023
1988,27371.385523245153
1989,50552.60883540948
1990,34179.67343088927
1991,10574.980409746546
1992,31632.864158011977
1993,47395.97521370171
1994,10115.970977356952
1995,43780.2476427644
1996,59825.156421889915
1997,28242.18184634112
1998,39821.495483406354
1999,48325.81193443333
2000,7265.080217910401
2001,8611.8309092764
2002,15185.333356365476
2003,11209.964261621895
2004,34389.22505776823
2005,17168.91773344987
2006,27784.108173629815
2007,18712.394651786275
2008,79267.00635341804
2009,31944.06542204804
2010,51247.74697894136
2011,69871.15802401995
2012,53963.869869672024
2013,18363.68980124405
2014,26829.793379472107
2015,12559.18415559639
2016,30967.670350359076
2017,38839.79942183629
2018,52007.59013968341
2019,30435.395362820997
2020,15696.902468924754
2021,25370.3523956906
2022,103536.87609892587
2023,44304.6019854777
2024,38915.22470223441
2025,27336.441929982186
2026,20136.43929325944
2027,25179.86543940831
2028,32350.94609683149
2029,55447.6968385582
2030,19130.161658168494
2031,61157.915024273105
2032,16681.679249129087
2033,47740.55154772858
2034,58939.85100864218
2035,40580.1849235368
2036,28022.136497876974
2037,51420.87748065873
2038,142373.8802027506
2039,29957.98365362447
2040,34673.821966463336
2041,35199.680671916154
2042,51118.355585410805
2043,30145.275753938306
2044,18226.47406058853
2045,19279.261542320623
2046,7744.350366570065
2047,36013.979682863464
2048,22165.214389927012
2049,29541.48464426821
2050,43204.56828614689
2051,36318.4208592944
2052,46580.1298717507
2053,24685.543534166038
2054,33933.29465190576
2055,35703.71690173841
2056,69481.75205362766
2057,22749.326614715294
2058,23305.77398856733
2059,10761.20861676204
2060,81888.72899301388
2061,25975.365276477147
2062,12704.66473145
2063,65839.43030047035
2064,58553.80064692443
2065,122059.8165817753
2066,23228.6362912544
2067,21817.341656117875
2068,116349.89187174542
2069,27908.92848420632
2070,22940.472308703887
2071,32843.39604733745
2072,41928.91648238344
2073,22310.152707640253
2074,128328.89361775442
2075,47873.80831454736
2076,121809.34052471377
2077,31595.91635809498
2078,8240.637020794404
2079,16656.359980742473
2080,12316.98597765714
2081,15305.533442800586
2082,110787.47895014308
2083,16427.68185397905
2084,38277.747767999084
2085,53979.704382798234
2086,15456.360687842956
2087,23289.166132952592
2088,27596.896643908924
2089,306471.00938186
2090,28471.388616675173
2091,13855.63327192785
2092,56840.28901192408
2093,24231.12050534541
2094,47541.65386744707
2095,61753.881091139185
2096,88538.42047903036
2097,34052.75467768115
2098,19012.42079272872
2099,62861.776773306774
2100,17465.167847425448
2101,34782.26118673257
2102,12295.422000209457
2103,12720.780632697613
2104,36822.42896565008
2105,40387.91950131336
2106,86091.89695459943
2107,36402.37582645428
2108,56962.392285081354
2109,11944.240124525466
2110,29297.45278964401
2111,31950.92228057109
2112,13266.817355563955
2113,34427.78885856404
2114,19806.509707382662
2115,32035.23043894282
2116,42587.68230914153
2117,20054.95571233857
2118,32057.88906622575
2119,158413.24872409977
2120,72131.61599377634
2121,112839.35607639623
2122,54429.02767149021
2123,21556.500067938185
2124,39651.42130904541
2125,14264.142400904098
2126,13648.235559424942
2127,6994.752735057946
2128,222833.93480434874
2129,33872.853058051674
2130,24654.23914471053
2131,13702.690931438872
2132,56551.81071024689
2133,45735.474147285866
2134,30707.058555780095
2135,6119.5017823608205
2136,25011.0930589382
2137,23471.042621090353
2138,51379.347883796676
2139,24783.09148761065
2140,27622.837445476725
2141,83755.46278526122
2142,13648.90902952261
2143,237340.43096415387
2144,48131.146408010536
2145,11717.652917903264
2146,13047.31641094997
2147,41045.525032531965
2148,13491.673967359267
2149,42965.27544963517
2150,27496.086178328038
2151,252795.05919619618
2152,30732.21702198574
2153,41298.0116801293
2154,22865.450043210767
2155,41610.58650028246
2156,46309.38492820369
2157,17327.9866304523
2158,34916.700231521216
2159,47190.999821950245
2160,144883.71830732518
2161,29328.379380220882
2162,42820.08904664567
2163,39818.23055269604
2164,14681.677772748822
2165,29382.16290524764
2166,25683.61266246932
2167,27297.37285430664
2168,218304.91361942177
2169,22657.141113117963
2170,28920.68303916477
2171,29369.20190508713
2172,8614.361435557148
2173,16339.765453554419
2174,14739.446871786815
2175,32051.545931344255
2176,85833.1458696886
2177,16962.682122893628
2178,27874.562467476007
2179,22087.377909457213
2180,17632.54717828601
2181,50950.412999264765
2182,21371.237448913507
2183,30921.59512044418
2184,14000.289605400776
2185,224599.01374749254
2186,33291.17403031125
2187,25642.86686672686
2188,38494.66325697723
2189,20172.02380722967
2190,80342.17636035688
2191,22577.05294044879
2192,30093.04631706877
2193,33434.429665180345
2194,19793.7004097132
2195,30310.95238881231
2196,37508.675878951835
2197,19906.618177392753
2198,49655.08789612575
2199,137221.20203435983
2200,74217.22309275088
2201,72319.57464701911
2202,59316.14207501858
2203,54720.649832999
2204,56665.25762016274
2205,11831.707557616737
2206,58101.37754291572
2207,19420.33035138757
2208,53211.459354261206
2209,36444.099290761034
2210,12978.232938838091
2211,60856.99185502735
2212,55116.141136317354
2213,62622.19801659511
2214,61791.80113615637
2215,37780.78306251413
2216,59019.03879149112
2217,15682.697767363365
2218,140876.69408644098
2219,38612.675833973204
2220,56618.717449097705
2221,15372.908801314694
2222,30978.106455947825
2223,24903.164734616064
2224,31444.215811144426
2225,17044.99876025889
2226,10641.3772868825
2227,40971.59692087689
2228,40460.07755793663
2229,76724.57967626631
2230,23750.146542148894
2231,18396.84711662221
2232,19382.119819703028
2233,26446.986455433667
2234,6040.17263002841
2235,40635.737061821856
2236,34386.81645883342
2237,26650.12757437527
2238,11515.596113008045
2239,31594.757866858687
2240,91822.08242499844
2241,46181.931396793276
2242,44947.9139127381
2243,98613.8311316376
2244,40805.10717531977
2245,22095.53890884831
2246,26207.563551693802
2247,12693.327417659102
2248,66811.90790421085
2249,35543.53116582098
2250,48399.27814093104
2251,48691.27036929746
2252,41865.39715459364
2253,18138.893073156272
2254,24825.56037719698
2255,26788.327026878713
2256,58606.43408764855
2257,13762.447412708087
2258,18209.8446575863
2259,7792.570649802169
2260,16169.322380611902
2261,68841.46967743624
2262,38573.4128908022
2263,65986.75158232087
2264,29950.47611137524
2265,19306.757875690666
2266,26024.699194019515
2267,11497.133123108279
2268,41089.03076834454
2269,45336.23178676133
2270,46970.494351739
2271,5644.2190972537155
2272,25372.917001888352
2273,50689.153035609386
2274,26530.61633525085
2275,21253.29990405286
2276,48199.641828776366
2277,37074.44190210868
2278,8680.389897416813
2279,25458.727141397554
2280,41871.37504453005
2281,51607.797906216
2282,41524.45476554332
2283,30486.59146181952
2284,28742.50466560652
2285,19636.785610799012
2286,29407.65003933853
2287,40484.31222797206
2288,16443.084467996287
2289,45768.89691401755
2290,35069.54151216027
2291,47138.71023813034
2292,17439.464644245625
2293,86686.9307588039
2294,31568.710564587116
2295,23815.868677151477
2296,14271.777565645833
2297,37872.628113194216
2298,64594.907832535515
2299,40847.59416405882
2300,15517.515669443754
2301,26377.802756354293
2302,13875.518812059834
2303,15164.740797471504
2304,21566.81262977708
2305,10841.135725572183
2306,64914.45900548434
2307,22369.755144472547
2308,9045.497030969878
2309,10040.970805407353
2310,21702.042790471984
2311,9135.093208986109
2312,9081.07230292772
2313,58635.35509646348
2314,9964.428855875309
2315,43627.630298517885
2316,24951.81152733667
2317,20558.06933407519
2318,15783.033642955072
2319,9174.92910537735
2320,19691.72837473826
2321,18353.841131093362
2322,27164.680171143194
2323,51282.62689272923
2324,19248.26828339536
2325,176459.5436828403
2326,10034.824448016783
2327,57454.53649813497
2328,50352.13198607415
2329,30819.05674638875
2330,9199.945400368215
2331,104830.87212162834
2332,48590.941389368985
2333,31498.376150956195
2334,41400.470253774394
2335,28948.474300516034
2336,17858.1656482481
2337,9668.402619009265
2338,41072.41241811195
2339,31288.026299056623
2340,18764.95789770387
2341,16282.012041878985
2342,25927.254817711073
2343,21310.40213718795
2344,20193.389523069767
2345,88275.3060921671
2346,20951.816302338608
2347,29169.82852944849
2348,24414.482744981713
2349,20557.60560386383
2350,40877.08779848049
2351,32865.12650311081
2352,27265.061095203273
2353,23572.826907213966
2354,22330.85164313339
2355,15841.797708517319
2356,15816.44032709576
2357,15639.407017796255
2358,21222.811175823517
2359,23041.06641163745
2360,15025.175229065246
2361,10925.21219961698
2362,21629.087264738348
2363,34377.46515672872
2364,20684.42532851461
2365,34047.32345749349
2366,86867.31053960539
2367,16932.516893084943
2368,13914.761667698915
2369,59590.26390772171
2370,66827.48662874149
2371,24641.228756138695
2372,19882.86711775214
2373,12525.014891724084
2374,11716.837076761645
2375,7302.653914957309
2376,14243.071048186393
2377,35844.513509039054
2378,16736.225460669542
2379,46424.09864053294
2380,28660.243235743786
2381,21425.371570884785
2382,55458.41838331925
2383,55016.90370225852
2384,33888.485095100696
2385,21856.411509789505
2386,56642.390068019435
2387,52474.89633202753
2388,40066.074658922815
2389,43306.779202876096
2390,27532.9945053038
2391,55461.78714610597
2392,25378.937936048227
2393,176817.9516413643
2394,59472.35013659197
2395,29566.239131419847
2396,20486.75239216048
2397,23588.438474298306
2398,13563.726574863631
2399,19769.678011682383
2400,7610.523128199901
2401,34802.52015240238
2402,33395.478998845654
2403,31160.217716557483
2404,14054.351781010413
2405,52245.54681713792
2406,25066.65422605191
2407,65920.5654565215
2408,43677.73676990106
2409,14378.16788075324
2410,17661.398882880454
2411,55836.38301910767
2412,19737.659066062293
2413,18990.964773458552
2414,32717.69955250706
2415,42687.09556389855
2416,16558.721319476434
2417,70934.15074013147
2418,35504.17024260554
2419,37778.14394601386
2420,24914.415604059785
2421,28204.76944089769
2422,31693.21625494493
2423,9942.110265265397
2424,27822.496810145367
2425,46522.50282810954
2426,48608.4510840452
2427,16504.91089886953
2428,16749.482865860304
2429,19903.065659251966
2430,45093.239319797874
2431,46933.14907495353
2432,45785.20137910459
2433,13629.981366067022
2434,136473.3327583145
2435,40895.144507397665
2436,7609.083506485125
2437,27686.52149506893
2438,36542.550056034655
2439,70949.09171460442
2440,65091.38377516494
2441,25761.999609430095
2442,77509.4264209199
2443,52341.389286019104
2444,36820.37915063156
2445,47365.78705935507
2446,27000.07676274183
2447,14843.58963214851
2448,5925.504383806225
2449,29647.309219817726
2450,64187.246700206146
2451,13311.629961567623
2452,25758.789780394425
2453,24864.13057507491
2454,81877.29414765234
2455,40978.838929713995
2456,38620.4801463149
2457,87119.49597383934
2458,11359.48633404472
2459,26760.96493525979
2460,13447.69563748299
2461,20688.205503024976
2462,11093.620952109446
2463,42728.98461373892
2464,10850.252832579146
2465,36376.71450806841
2466,54860.22067840088
2467,92292.01441533522
2468,8033.199738293926
2469,25330.677425283564
2470,30964.743245844416
2471,20528.768358087003
2472,36918.014090508615
2473,20043.09559794359
2474,8078.554338338111
2475,50930.62958706826
2476,42674.26723756628
2477,27804.26153897973
2478,91998.34057177157
2479,35505.815761381135
2480,17360.855565528647
2481,185471.7386930606
2482,32111.274213615772
2483,29534.045833113745
2484,15992.34215220327
2485,23518.067964100046
2486,7573.991698557645
2487,46285.87278144562
2488,30538.264473161787
2489,24167.104021790896
2490,51788.676267660296
2491,15261.661104044117
2492,32398.629714375347
2493,59194.630991435275
2494,37849.68410876056
2495,74334.18550840381
2496,22554.222185770876
2497,30168.719098885995
2498,19307.47636993882
2499,25681.766175150955
2500,52609.933656281326
2501,108072.23187680946
2502,48800.28640003733
2503,37152.18748267077
2504,22495.598049249722
2505,41906.28803877811
2506,58201.96211593721
2507,40725.82429367328
2508,46175.33932423886
2509,16730.475034089624
2510,43146.70909713255
2511,30424.60314021527
2512,32928.275641335116
2513,47734.39969018314
2514,38723.60859376943
2515,49647.36289799654
2516,28623.191604164116
2517,14127.573310643387
2518,21990.731585855654
2519,23413.95456066324
2520,21860.666166283987
2521,35730.75581974908
2522,88787.71003459737
2523,26620.354510613935
2524,21999.775226054928
2525,24869.389217886208
2526,8391.023099683998
2527,32400.048783730555
2528,45358.63795318532
2529,35266.59932719165
2530,25354.848898173717
2531,37944.07041181465
2532,21955.879299267795
2533,35638.25081390719
2534,35945.67322996951
2535,10579.221643247807
2536,9632.45801600044
2537,48640.6884539858
2538,146334.3483313536
2539,32345.94450610645
2540,25109.36257433595
2541,28685.761495775037
2542,31555.812359409054
2543,43597.62516185447
2544,27574.677690134846
2545,21526.617073168953
2546,87405.89329101726
2547,43864.71806656264
2548,34599.02233962702
2549,21284.06190852386
2550,27022.54042260644
2551,42788.25168524733
2552,41302.77349018896
2553,37189.96267680089
2554,22654.767909232196
2555,27908.14360459817
2556,30264.197299052736
2557,26691.12435509713
2558,29214.195330442908
2559,46340.812974411994
2560,66239.50564470232
2561,35050.364440118625
2562,47934.45480866301
2563,36718.29169535345
2564,18454.327114237294
2565,26098.16038887822
2566,13753.5913034432
2567,76828.68551434566
2568,89582.17625450686
2569,53841.77084971622
2570,36021.51815831454
2571,10124.437444912943
2572,512821.1840020865
2573,37522.992573926924
2574,15621.197976898831
2575,61736.09189507927
2576,16736.92443043863
2577,30398.954128656052
2578,50779.49032841797
2579,17705.228695310456
2580,17667.909526352196
2581,30720.009970199186
2582,12323.829116627387
2583,29744.388291727526
2584,8092.913862466381
2585,21788.547145734385
2586,37503.59950454327
2587,14263.971502504695
2588,21998.01169229902
2589,131736.5696936319
2590,28293.049023665288
2591,89870.63619867731
2592,21548.10631545283
2593,39158.438554910856
2594,52985.61791178903
2595,88643.04395874604
2596,24712.629001929836
2597,38504.50460622704
2598,20919.262890524154
2599,63114.32109362302
2600,12761.896587503814
2601,56448.95510095422
2602,20935.531860091094
2603,18421.535987181356
2604,65122.81903886621
2605,35494.037723901325
2606,52812.29240797747
2607,22195.912275174545
2608,52187.00378355639
2609,20810.00192689264
2610,55238.96805965091
2611,42028.354213633436
2612,31114.901120338203
2613,31029.785486539276
2614,9169.069870780091
2615,22310.076161951423
2616,29533.99206706104
2617,24263.167445603518
2618,30909.111442092337
2619,32395.658264641737
2620,146201.54093302134
2621,21322.22806531274
2622,30967.077069719624
2623,30430.72829660572
2624,16161.22354950106
2625,11506.035018197936
2626,48681.61297276492
2627,21761.313639148342
2628,15125.436436695049
2629,29589.871794351373
2630,12192.294605859308
2631,56343.40090335004
2632,29690.40308941884
2633,10042.05124797373
2634,19716.57831490638
2635,45706.90974989404
2636,20365.523122485345
2637,29458.817060183024
2638,36506.12516884488
2639,37442.03256146028
2640,53952.83079877817
2641,57666.73902984055
2642,50506.19895656436
2643,15058.268088507992
2644,18118.21911746968
2645,30685.183695377276
2646,21056.806941951974
2647,44810.96260000211
2648,25330.175445667974
2649,21559.19696232885
2650,27066.9925965343
2651,32116.31204856619
2652,38266.04224108083
2653,33755.05467626867
2654,26290.054183864777
2655,30734.30158989982
2656,26151.87044510901
2657,9225.037484738445
2658,13821.044276993309
2659,57874.47018223557
2660,32961.889635782856
2661,29671.749503519935
2662,14352.450673659429
2663,11781.535568034542
2664,62683.052375848536
2665,11698.249668680437
2666,16267.82208467638
2667,12714.743278933056
2668,29277.371978336196
2669,20023.358902446114
2670,69445.98503012987
2671,21389.86270599093
2672,32715.224176398075
2673,87191.92911067064
2674,37423.24108661829
2675,94404.79320338102
2676,25324.204699384052
2677,58123.2472290092
2678,21298.813613754653
2679,26189.744761053065
2680,49436.19902364583
2681,38061.69510745848
2682,21705.255510064555
2683,35974.75182561696
2684,15791.136008951064
2685,27093.807137493004
2686,23417.182643318713
2687,31082.757322089827
2688,17338.652362156492
2689,41552.80608190728
2690,19802.718470244297
2691,29762.924568365383
2692,24436.232445866564
2693,11600.056456305298
2694,25545.959594755932
2695,45575.81739393447
2696,23398.022439167642
2697,85288.38523936519
2698,10955.517218520641
2699,33646.933859098426
2700,24617.438295191336
2701,31085.62161557333
2702,21176.35666687307
2703,24679.133796955826
2704,28424.94806180255
2705,30607.12707181117
2706,25716.45347115352
2707,51403.8241687042
2708,36793.61436753101
2709,28139.631401331655
2710,41342.30025964406
2711,13099.69675526149
2712,8029.099602798329
2713,15915.50106893689
2714,120914.4419176352
2715,13927.275098006354
2716,24665.245835869096
2717,34592.51451264358
2718,11408.319398395055
2719,9991.771371868406
2720,65719.60672347689
2721,22876.565474638322
2722,52609.062885798645
2723,38019.9310623416
2724,8487.712076505843
2725,58841.03906239373
2726,27748.708001960316
2727,27807.625346112018
2728,76093.03294534248
2729,10759.597086802185
2730,14809.743160576789
2731,13953.302542474448
2732,64493.123041486775
2733,22533.897892092114
2734,13310.261045736741
2735,20088.333043003306
2736,39979.267958949466
2737,13000.12525127017
2738,133835.81075040688
2739,44383.3656505721
2740,71655.99382191023
2741,53240.43222378355
2742,31515.068796110223
2743,31206.112668190293
2744,33328.51333020428
2745,60194.84225843046
2746,14206.830092044196
2747,58997.07110415757
2748,13452.023759821122
2749,29384.04121412218
2750,21752.933407872184
2751,45429.95422209673
2752,20842.863750699747
2753,20033.81397660341
2754,29770.800300041818
2755,15726.69313893094
2756,26640.252562806374
2757,22611.64587851365
2758,71534.46537392835
2759,-380.6510061557144
2760,18140.511038253826
2761,16126.57796261346
2762,51296.39642253892
2763,28665.821384135787
2764,12957.63694787816
2765,17256.982072697385
2766,40514.40695879378
2767,27530.79587264243
2768,50385.408289342435
2769,51461.745091301884
2770,53052.5951781741
2771,28507.119166824497
2772,14544.812941398439
2773,36875.07906305131
2774,73821.77262868831
2775,18438.41239535753
2776,9663.546508633419
2777,172744.81888067193
2778,43138.301297594364
2779,35354.10161092732
2780,101900.61063662029
2781,30133.83598447053
2782,37392.2209790727
2783,29333.797034984917
2784,32203.33338971937
2785,29572.1287536677
2786,28758.769307619663
2787,40804.7958812837
2788,18560.370807893705
2789,45673.00823538068
2790,40820.12307702294
2791,27789.408505609033
2792,13860.879218827165
2793,23309.800818738357
2794,22306.946953344854
2795,5070.688774059474
2796,19365.474343831997
2797,20982.2414108538
2798,27493.85979173661
2799,7060.857581263599
2800,18562.06945410703
2801,60887.07956365067
2802,37538.77150023695
2803,44291.291620122676
2804,71726.70197459961
2805,15319.680327878797
2806,64806.31814284862
2807,5487.587559555094
2808,17080.445240662684
2809,40231.581119321556
2810,23544.907916734606
2811,18701.573579596272
2812,59028.61531780488
2813,26867.483038002323
2814,18310.554295201906
2815,43412.96302098526
2816,25243.81656811517
2817,14202.23562428706
2818,46612.54408048189
2819,23738.031418557675
2820,18622.526501012144
2821,15655.910731695367
2822,11293.259370087017
2823,12481.613189437336
2824,12457.895615552467
2825,37557.90364137174
2826,44742.644440470125
2827,20750.483390912563
2828,27341.67714275028
2829,27959.031744884476
2830,29321.52881701708
2831,11534.496450298791
2832,53656.28560071137
2833,28810.99184697577
2834,10136.117895988857
2835,16317.881637895802
2836,11300.847424723455
2837,83107.73103792485
2838,26803.367596979362
2839,23175.28833917213
2840,39692.16457737564
2841,24824.573758727693
2842,55329.49831267736
2843,21085.35270452434
2844,37176.089725552425
2845,12732.918828292124
2846,26714.9366332204
2847,28643.444566048554
2848,40812.06014275437
2849,14678.068947125841
2850,142770.86741298286
2851,37740.15896969203
2852,25470.122835936967
2853,39731.75773658427
2854,24006.408853220153
2855,26109.90044675508
2856,42549.0477898655
2857,33976.01574871984
2858,20710.267558109415
2859,39044.042998781355
2860,30004.787314239074
2861,21803.547898073943
2862,9936.259959819676
2863,234160.02519932282
2864,40076.02753421608
2865,16902.9635601675
2866,33085.607560090255
2867,31018.66142698198
2868,28434.80084063481
2869,30052.723736037307
2870,25250.59990069112
2871,67214.61867056004
2872,44156.39676460211
2873,27030.992691695494
2874,30467.767958485747
2875,24050.906317940702
2876,15223.735339223473
2877,29669.701774489542
2878,12062.618623938695
2879,34652.719555796866
2880,23524.985157577958
2881,66307.98171375932
2882,71430.46499928745
2883,302511.8074613378
2884,38666.15075338762
2885,13734.273255438864
2886,42064.86390174291
2887,28557.76715697597
2888,52438.843534152125
2889,29846.91647443437
2890,89685.01467950105
2891,15626.486533335927
2892,20573.68400426409
2893,32777.63995620873
2894,23668.182736317267
2895,7648.631978430986
2896,8401.676840024958
2897,71143.27329795167
2898,12786.951368556807
2899,22301.463008755487
2900,23857.538526905744
2901,25528.29906973517
2902,32281.236358666873
2903,10813.443207291182
2904,183034.2720740535
2905,45531.77121861689
2906,65633.406882405
2907,7729.030156158478
2908,11058.595299812236
2909,87385.07060124056
2910,47832.883606631556
2911,16314.387921492
2912,30747.68632710796
2913,30246.18323063435
2914,24989.576824754236
2915,16421.401547251055
2916,36499.73545061998
2917,22506.025362201144
2918,25477.624203690968
2919,42534.518271600915
2920,46604.59549858128
2921,14230.401195024599
2922,29907.2234039449
2923,37810.195775653876
2924,33644.04308467382
2925,30351.491944582922
2926,18264.71501535585
2927,9676.97836875545
2928,10742.403150496913
2929,32416.371794461662
2930,12517.859763776965
2931,31191.066249738727
2932,164184.07430126547
2933,25551.39659976299
2934,10695.314412130028
2935,49155.594226649424
2936,18042.327122690553
2937,16540.18373547124
2938,84940.41563889851
2939,9141.263425225354
2940,40731.95454575411
2941,12072.951628687379
2942,28656.373006120913
2943,22850.776769983982
2944,31668.46540854615
2945,38933.99157911349
2946,27518.802928002293
2947,44553.52315808824
2948,25541.152043680224
2949,19411.64702684551
2950,16184.460337595076
2951,6941.197580244074
2952,16911.199837209384
2953,29797.999778270754
2954,50400.92463281682
2955,37397.022269770045
2956,27184.959467118235
2957,64223.94643349336
2958,27440.40985625874
2959,8269.035022356486
2960,15973.511199829092
2961,45204.28605476762
2962,13073.41171424636
2963,37325.56048460704
2964,23779.60187697638
2965,60497.08605745425
2966,37929.66321500759
2967,35572.00186548491
2968,50713.900425228334
2969,14229.76802281
2970,14748.057338375238
2971,12177.760890733567
2972,15621.940767514267
2973,37121.525593633785
2974,23885.0971645494
2975,106479.3493505454
2976,29682.143723655896
2977,31833.18438461676
2978,32283.55044129175
2979,69124.48898164963
2980,49928.708493378304
2981,31776.3628529176
2982,28422.875188239428
2983,20771.31264597155
2984,37256.597265350436
2985,60160.554731243246
2986,16817.245303774198
2987,16470.036381072114
2988,148696.0931768339
2989,28425.386235617443
2990,23741.682217445654
2991,32745.690836323163
2992,34548.36519052284
2993,20425.192155035147
2994,25215.200594406928
2995,11937.836643463366
2996,32192.51080685973
2997,47059.45807197246
2998,33727.19901829995
2999,43707.204087433405
3000,44466.116321942915
3001,67636.49278887901
3002,19537.969456489165
3003,44990.96574694707
3004,48181.01555953316
3005,21989.949625370227
3006,29667.811471534696
3007,17502.071828429085
3008,17687.713840000146
3009,13422.976855462042
3010,38158.03514996514
3011,28846.226542257264
3012,21480.46893425046
3013,52074.3053046507
3014,36819.43573599785
3015,30318.12757891885
3016,11794.214111554786
3017,36083.32444832239
3018,22259.913141215256
3019,26787.253879510423
3020,53395.70166782255
3021,38362.76781741117
3022,48465.31181520314
3023,65131.78602921265
3024,41999.6814995236
3025,39818.033007179736
3026,13094.243303304238
3027,11718.544222381493
3028,46884.1667352609
3029,10648.53301529498
3030,15217.837383758475
3031,44356.308535193966
3032,48505.84991796646
3033,47484.06657844896
3034,30429.808283014772
3035,5435.99644301797
3036,68905.50887903434
3037,57192.193197548666
3038,26081.849207099578
3039,83468.68091649268
3040,26323.755019549408
3041,35564.34047495952
3042,31155.68465063882
3043,23054.981783996274
3044,27029.59681149495
3045,38068.63812780234
3046,13558.320201599587
3047,44336.78199473914
3048,10064.418827198106
3049,31550.525738159944
3050,19030.685401367286
3051,12758.151988345264
3052,57343.48559335064
3053,18445.451924203204
3054,20778.991003767394
3055,6787.736017502765
3056,95501.20556742277
3057,6777.551854820655
3058,49400.49811986662
3059,55725.12352358195
3060,28674.127616392158
3061,27059.180302366953
3062,39654.0241124148
3063,26419.46401187009
3064,13319.441030707012
3065,22153.44650764276
3066,31426.510326407868
3067,34042.61268943903
3068,25082.268002094683
3069,27814.365189188502
3070,21506.284302092816
3071,64772.49998423241
3072,40890.33481892175
3073,53387.372789269066
3074,30524.444785482527
3075,37279.65189046368
3076,13164.687757848047
3077,10409.234605294254
3078,12105.744405531656
3079,22135.42615270572
3080,21205.068443562894
3081,24229.84673775417
3082,48975.652333473365
3083,66018.98144266907
3084,45380.72450902732
3085,14505.440685539845
3086,29396.052994959595
3087,31478.46207125024
3088,15034.412816876114
3089,38979.9564649842
3090,20545.36796794859
3091,20011.724949829764
3092,21161.86232897743
3093,26108.522702193175
3094,22124.238886610045
3095,15378.747512456292
3096,18688.14841304532
3097,11877.190766691427
3098,23577.20169051499
3099,23242.679145370505
3100,46497.33062945476
3101,20186.24621818025
3102,478034.1447708395
3103,64136.60391649287
3104,76205.84226116187
3105,128327.46479724762
3106,20152.955819395705
3107,124867.41696083614
3108,35004.177999619846
3109,51161.76291791026
3110,24968.928738017712
3111,14761.779884479693
3112,27278.76087646906
3113,25146.703247396803
3114,46439.28573258003
3115,46169.522388684374
3116,156754.80743298383
3117,14930.50302974073
3118,55985.05521442527
3119,40685.575178343504
3120,13369.360408674618
3121,46689.37018254945
3122,63585.54803419616
3123,30486.075754206824
3124,16596.08004964051
3125,7806.153371513863
3126,29670.212595031997
3127,14479.098400259316
3128,76860.68582250943
3129,45343.545313653005
3130,41343.087218668195
3131,63167.66418852658
3132,61926.61855355507
3133,45521.69434019647
3134,32827.70159697773
3135,25844.86376664956
3136,13280.908531764651
3137,8287.478027907731
3138,35662.88811794188
3139,104508.54539237505
3140,36445.45263404388
3141,43063.43484385247
3142,10555.902612536865
3143,42912.26720938363
3144,35887.533403687085
3145,47949.131468575826
3146,19638.49625020631
3147,34433.37022240987
3148,39009.158814544324
3149,33735.30714606566
3150,32576.587951944388
3151,31143.482157161274
3152,19963.308725626615
3153,53564.835275957055
3154,100687.53039511114
3155,71471.50314281233
3156,27971.50773410917
3157,41503.35201666983
3158,51342.33898477593
3159,151588.72501665016
3160,37904.23346920873
3161,11093.914491217965
3162,40899.03646783431
3163,40132.67178604488
3164,26777.128711651534
3165,117849.00344393008
3166,61290.540864727256
3167,24487.800566310005
3168,34723.124822152895
3169,38965.79882480992
3170,24184.291143661438
3171,27861.263157595666
3172,24380.273551331575
3173,49505.20959582958
3174,13971.816246438737
3175,84392.87412956517
3176,27796.343376461526
3177,9087.563357219427
3178,10156.971328346594
3179,53730.301643850165
3180,60338.5933462384
3181,43452.895111540674
3182,24852.817035384647
3183,49979.02328812864
3184,65226.564724471915
3185,36795.00093465603
3186,40348.79247105885
3187,19494.20270948331
3188,38502.035992769874
3189,30433.909824318012
3190,26285.591596902806
3191,40879.88048743339
3192,38443.0636998096
3193,22512.6340650069
3194,18946.924600225557
3195,57112.79650632828
3196,24516.08684883524
3197,31942.94329444207
3198,29442.61408274351
3199,11388.669520159296
3200,48949.27344822395
3201,52294.59866305619
3202,20074.33844400777
3203,41255.122072497674
3204,16702.17059765812
3205,31632.78152719622
3206,124726.68547159794
3207,35124.06214329558
3208,33973.73690911349
3209,32619.14686524357
3210,26375.40116793183
3211,25361.89865137494
3212,19183.75733018759
3213,22040.421684643643
3214,20056.73540055686
3215,18470.396379450656
3216,9378.83311607668
3217,17066.163562614987
3218,32995.12050007316
3219,23505.85474865953
3220,42996.06677932395
3221,33321.7930683124
3222,23404.063458445336
3223,361477.1772523591
3224,24482.30476370793
3225,37028.97934384586
3226,11499.271545633117
3227,46304.19092465512
3228,17793.227011367355
3229,24414.33572061754
3230,38443.0636998096
3231,31370.884146751014
3232,51333.434108745336
3233,16555.338214814816
3234,11437.032471221542
3235,43111.79748961801
3236,47079.17836847133
3237,36274.664578279066
3238,10636.527165198759
3239,22481.029974809673
3240,28257.074990796777
3241,51500.70489127702
3242,26495.278053233396
3243,14308.56957274024
3244,36290.68042732639
3245,48298.43504988986
3246,36729.866955852805
3247,25875.74934699022
3248,47767.20389442993
3249,39544.33429462965
3250,12813.53660285471
3251,40590.44406663132
3252,36094.436656744045
3253,44329.36267175713
3254,30591.556127867178
3255,15624.277216436605
3256,21522.662031660675
3257,13195.8153250966
3258,25207.036188723694
3259,18659.52449097298
3260,23191.109551355104
3261,31513.057422950977
3262,62734.51671267526
3263,14489.234393686755
3264,33553.10662270683
3265,31956.84766599637
3266,44569.838652955004
3267,28682.887467406796
3268,73814.86969210589
3269,127870.11936890881
3270,17927.601746557702
3271,32975.1722635087
3272,86398.94938199176
3273,25842.169800588883
3274,64259.67579382357
3275,27345.317223466223
3276,123141.75384698385
3277,71474.89143345808
3278,49807.69387676063
3279,33175.339463379096
3280,69542.35927618729
3281,90234.2659137338
3282,27016.99624240156
3283,8682.975059262484
3284,31918.968237056848
3285,30464.979581028154
3286,16724.904918468776
3287,30238.03953810126
3288,12835.171830831303
3289,19856.72179993392
3290,64913.07296449076
3291,36359.12359125495
3292,15343.756198876754
3293,27681.145397552766
3294,10614.706303516614
3295,10804.915275383977
3296,10830.473419169824
3297,24348.766116462313
3298,14481.842279685625
3299,28801.95245440007
3300,16272.407394760297
3301,33860.996121885
3302,145302.5987148775
3303,8554.347392325608
3304,15027.210020595403
3305,27444.65435642536
3306,35156.619816938706
3307,37830.8963298467
3308,16524.640157457008
3309,21056.921625996732
3310,8111.4481158479575
3311,16330.587011694617
3312,27630.914478644445
3313,34927.99420605756
3314,38212.446891256215
3315,32743.03262407584
3316,15128.323599529725
3317,27353.624845789756
3318,28577.746922941107
3319,27540.122460550236
3320,50084.378203236425
3321,33961.000195888504
3322,22375.37201409156
3323,23585.560763522175
3324,42801.8014674944
3325,28524.616412112216
3326,17858.842136793202
3327,126310.74416431322
3328,25450.81217704168
3329,13802.723528349487
3330,17001.200050788375
3331,27605.74231445603
3332,23520.8225202964
3333,18136.345985164713
3334,17663.496658107284
3335,22884.77400818689
3336,56857.71650774719
